﻿<?xml version="1.0" encoding="utf-8"?><package name="Мать жива?" version="4" id="7f9cab13-09c7-4b2f-926d-014d72c49681" date="10.09.2021" difficulty="10" logo="@кчау.jpg" xmlns="http://vladimirkhil.com/ygpackage3.0.xsd"><info><authors><author>Dori</author></authors></info><rounds><round name="Is This Supra?!?!?"><themes><theme name="Персонажи из Тачек"><info><comments>назвать персонажа</comments></info><questions><question price="100"><scenario><atom type="image">@молния маквин.jpg</atom></scenario><right><answer>молния маквин</answer></right></question><question price="200"><scenario><atom type="image">@мэтр.webp</atom></scenario><right><answer>Мэтр</answer></right></question><question price="300"><scenario><atom type="image">@лу.webp</atom></scenario><right><answer>Луиджи</answer></right></question><question price="400"><scenario><atom type="image">@Салли.webp</atom></scenario><right><answer>Салли</answer></right></question><question price="500"><scenario><atom type="image">@Мак.webp</atom></scenario><right><answer>Мак</answer></right></question><question price="600"><scenario><atom type="image">@ChickHicksCars3.png</atom></scenario><right><answer>Чико Хикс</answer></right></question><question price="700"><scenario><atom type="image">@Фран.webp</atom></scenario><right><answer>Франческо Бернулли</answer></right></question></questions></theme><theme name="Гоночная тема"><questions><question price="100"><scenario><atom>Какой марки машина из названия раунда?</atom></scenario><right><answer>Toyota</answer></right></question><question price="200"><scenario><atom>Как называются гонки подобного типа?</atom><atom type="image">@drag race.jpg</atom></scenario><right><answer>drag race</answer></right></question><question price="300"><scenario><atom>Как называется этот фильм?</atom><atom type="video">@Керол Шелби показывает машину Генри Форду. Форд против Феррари. HD КАЧЕСТВО (online-video-cutter.com).mp4</atom></scenario><right><answer>Форд против Феррари</answer></right></question><question price="400"><type name="auction" /><scenario><atom>В какой стране прошла эта гонка?</atom><atom type="video">@Untitled.mp4</atom></scenario><right><answer>Бразилия</answer></right></question><question price="500"><type name="cat"><param name="theme"></param><param name="cost">500</param></type><scenario><atom>Назовите любые 4 команды формулы 1</atom></scenario><right><answer>Mercedes, Red Bull, Ferrari, Alpine (Renault), Aston Martin, Alpha Tauri, Williams, HAAS, Alpha Romeo, McLaren</answer></right></question><question price="600"><scenario><atom>Как называется данная гоночная серия?</atom><atom type="image">@Indy500Start.jpg</atom></scenario><right><answer>IndyCar</answer></right></question><question price="700"><scenario><atom>Как называется эта игра?</atom><atom type="image">@nfs underground 2.jpg</atom></scenario><right><answer>nfs underground 2</answer></right></question></questions></theme><theme name="アニメ по отрывку"><questions><question price="100"><scenario><atom type="video">@Ganbare Senpai.mp4.mp4</atom></scenario><right><answer>Не издевайся, Нагаторо</answer></right></question><question price="200"><scenario><atom type="video">@Chika Explains Things To Kaguya (online-video-cutter.com).mp4</atom></scenario><right><answer>Госпожа Кагуя: В любви как на войне</answer></right></question><question price="300"><scenario><atom type="video">@Toradora BOING!.mp4</atom></scenario><right><answer>Торадора!</answer></right></question><question price="400"><scenario><atom type="video">@Komachi imitates Hachiman (1).mp4</atom></scenario><right><answer>Как и ожидалось, моя школьная романтическая жизнь не удалась</answer></right></question><question price="500"><scenario><atom type="video">@Bunny girl senpai-cute_funny moments (online-video-cutter.com).mp4</atom></scenario><right><answer>Этот глупый свин не понимет мечту девочки-зайки</answer></right></question><question price="600"><scenario><atom type="video">@Miyamura Level Up 😂 _ Horimiya Funny Moments.mp4</atom></scenario><right><answer>Хоримия</answer></right></question><question price="700"><scenario><atom type="video">@Shouta playing flute (online-video-cutter.com).mp4</atom></scenario><right><answer>Дракон-горничная Кобаяши</answer></right></question></questions></theme><theme name="Мой дерьмовый музыкальный вкус"><questions><question price="100"><scenario><atom type="voice">@Kodaline - All I Want.mp3</atom></scenario><right><answer>Kodaline - All I Want</answer></right></question><question price="200"><scenario><atom type="voice">@Danzel Curry - RICKY.mp3</atom></scenario><right><answer>Danzel Curry - RICKY</answer></right></question><question price="300"><scenario><atom type="voice">@Frank Ocean - Lost.mp3</atom></scenario><right><answer>Frank Ocean - Lost</answer></right></question><question price="400"><scenario><atom type="voice">@SALUKI feat. ROCKET - Тупик.mp3</atom></scenario><right><answer>SALUKI feat. ROCKET - Тупик</answer></right></question><question price="500"><type name="auction" /><scenario><atom type="voice">@Кровосток - Быть плохим.mp3</atom></scenario><right><answer>Кровосток - Быть плохим</answer></right></question><question price="600"><scenario><atom type="voice">@Cadmium feat. Rosendale - No Friends.mp3</atom></scenario><right><answer>Cadmium feat. Rosendale - No Friends</answer></right></question><question price="700"><scenario><atom type="voice">@Kwabs - Walk.mp3</atom></scenario><right><answer>Kwabs - Walk</answer></right></question><question price="800"><scenario><atom type="voice">@Mike Shinoda feat. iann dior, UPSAHL - Happy Endings.mp3</atom></scenario><right><answer>Mike Shinoda feat. iann dior, UPSAHL - Happy Endings</answer></right></question></questions></theme><theme name="ПДД"><questions><question price="100"><scenario><atom type="image">@1.png</atom></scenario><right><answer>2.</answer></right></question><question price="200"><scenario><atom type="image">@2..png</atom></scenario><right><answer>1.</answer></right></question><question price="300"><scenario><atom type="image">@3..png</atom></scenario><right><answer>1.</answer></right></question><question price="400"><scenario><atom type="image">@4..png</atom></scenario><right><answer>2.</answer></right></question><question price="500"><scenario><atom type="image">@5..png</atom></scenario><right><answer>2.</answer></right></question><question price="600"><scenario><atom type="image">@6..png</atom></scenario><right><answer>1.</answer></right></question><question price="700"><scenario><atom type="image">@7..png</atom></scenario><right><answer>4.</answer></right></question></questions></theme><theme name="Тупые подкаты"><info><comments>Продолжите фразу</comments></info><questions><question price="100"><scenario><atom>Твои родители случайно не террористы?...</atom></scenario><right><answer>Тогда откуда у них такая бомба?</answer></right></question><question price="200"><scenario><atom>Твои родители случайно не хлеб?...</atom></scenario><right><answer>Тогда откуда у них такая крошка</answer></right></question><question price="300"><scenario><atom>Твои родители случайно не кондитеры?...</atom></scenario><right><answer>Тогда откуда у них такая конфетка?</answer></right></question><question price="400"><scenario><atom>Мне нравятся очки на моем лице...</atom></scenario><right><answer>но на нём ты бы выглядела круче</answer></right></question><question price="500"><scenario><atom>Ты конечно не метла...</atom></scenario><right><answer>но с ног сшибаешь конкретно</answer></right></question><question price="600"><scenario><atom>Я бы изменил в тебе только одну вещь...</atom></scenario><right><answer>фамилию</answer></right></question><question price="700"><scenario><atom>Ты случайно не Кикимора из болота?...</atom></scenario><right><answer>Тогда почему меня к тебе так притягивает</answer></right></question></questions></theme><theme name="Мои сохранённые видосы"><questions><question price="100"><scenario><atom>Как называется этот мультсериал?</atom><atom type="video">@webm (11).mp4</atom></scenario><right><answer>Грифины</answer></right></question><question price="200"><scenario><atom>Из какого аниме опенинг?</atom><atom type="video">@ayy lmao (3).mp4</atom></scenario><right><answer>Токийский Гуль</answer></right></question><question price="300"><scenario><atom>Как называется эта игра?</atom><atom type="video">@webm (10).mp4</atom></scenario><right><answer>Ведьмак 3</answer></right></question><question price="400"><scenario><atom>Назвать автора трека и песню</atom><atom type="video">@ayy lmao (2).mp4</atom></scenario><right><answer>Bring Me The Horizon - Can You Feel My Heart</answer></right></question><question price="500"><scenario><atom>Опишите событие, на которое отсылает автор</atom><atom type="video">@BRUH (1).mp4</atom></scenario><right><answer>Люди пытались сбежать из Афганистана, усевшись на внешние части самолёта</answer></right></question><question price="600"><scenario><atom>Как называется этот фильм?</atom><atom type="video">@BRUH.mp4</atom></scenario><right><answer>Такси 3</answer></right></question><question price="700"><scenario><atom>Назвать автора трека и песню</atom><atom type="video">@ayy lmao (1).mp4</atom></scenario><right><answer>Linkin Park - Numb</answer></right></question><question price="800"><scenario><atom>Что это за игра?</atom><atom type="video">@compilation.webm.mp4</atom></scenario><right><answer>cod mw3</answer></right></question></questions></theme><theme name="Должны ли у женщин быть права? (советую сюда не нажимать)"><questions><question price="666"><type name="auction" /><scenario><atom>Какой тип анализа представлен на фото?</atom><atom type="image">@регрес.jpg</atom></scenario><right><answer>Регрессионный анализ</answer></right></question></questions></theme></themes></round><round name="Да, я фанат Доры."><themes><theme name="Ютубчег"><info><comments>назвать канал</comments></info><questions><question price="200"><scenario><atom type="image">@Dai.png</atom></scenario><right><answer>DaiFiveTop</answer></right></question><question price="400"><scenario><atom type="image">@Мудреныч.png</atom></scenario><right><answer>Мудреныч</answer></right></question><question price="600"><scenario><atom type="image">@lemmino.png</atom></scenario><right><answer>lemmino</answer></right></question><question price="800"><scenario><atom type="image">@История всего.png</atom></scenario><right><answer>История всего</answer></right></question><question price="1000"><type name="auction" /><scenario><atom>Назовите канал, откуда взято это видео</atom><atom type="video">@Glock (online-video-cutter.com) (1).mp4</atom></scenario><right><answer>Ahoy</answer></right></question><question price="1200"><scenario><atom type="image">@ЧБУ.png</atom></scenario><right><answer>ЧБУ</answer></right></question><question price="1400"><scenario><atom type="image">@SunlessKhan.png</atom></scenario><right><answer>SunlessKhan</answer></right></question></questions></theme><theme name="Мои сохранённые видосы 2"><questions><question price="200"><scenario><atom>Что это за игра?</atom><atom type="video">@1567558535846.mp4</atom></scenario><right><answer>RL</answer></right></question><question price="400"><scenario><atom>Что это за игра?</atom><atom type="video">@1582369016426 (1).mp4</atom></scenario><right><answer>Дотка)</answer></right></question><question price="600"><scenario><atom>Как называется эта песня и кто исполнитель?</atom><atom type="video">@dank (7).mp4</atom></scenario><right><answer>Rick Astley - Never Gonna Give You Up</answer></right></question><question price="800"><scenario><atom>Как называется песня и кто исполнитель?</atom><atom type="video">@ВИДЕО ДОЛБОЁБА (1).mp4</atom></scenario><right><answer>Michael Jackson - Smooth Criminal</answer></right></question><question price="1000"><scenario><atom>Назвать мультфильм и мультсериал</atom><atom type="video">@BRUH (2).mp4</atom></scenario><right><answer>Шрек 2/Покемон</answer></right></question><question price="1200"><type name="auction" /><scenario><atom>Назвать значение обоих флагов, показанных в конце видео</atom><atom type="video">@ВИДЕО ДОЛБОЁБА.mp4</atom></scenario><right><answer>флаг конфедеративных штатов/третьего рейха</answer></right></question><question price="1400"><scenario><atom>Назвать откуда песня и название мультфильма</atom><atom type="video">@755376327232.mp4</atom></scenario><right><answer>Якудза зеро/ Человек паук: Сквозь вселенные</answer></right></question></questions></theme><theme name="Чудеса игропрома"><info><comments>назвать игру</comments></info><questions><question price="200"><scenario><atom type="video">@Video by Sultan Kot (1).mp4</atom></scenario><right><answer>орех</answer></right></question><question price="400"><scenario><atom type="image">@the binding of isaac.jpg</atom></scenario><right><answer>the binding of isaac</answer></right></question><question price="600"><scenario><atom type="image">@don't starve together.jpg</atom></scenario><right><answer>don't starve together</answer></right></question><question price="800"><scenario><atom type="image">@Worms W.M.D.jpg</atom></scenario><right><answer>Worms W.M.D</answer></right></question><question price="1000"><scenario><atom type="image">@Duck Game.jpg</atom></scenario><right><answer>Duck Game</answer></right></question><question price="1200"><type name="auction" /><scenario><atom type="image">@Hentai Girl.jpg</atom></scenario><right><answer>Hentai Girl</answer></right></question><question price="1400"><scenario><atom type="image">@the beginners guide.jpg</atom></scenario><right><answer>the beginners guide</answer></right></question></questions></theme><theme name="Единственное, что меня утешает - мемы"><info><comments>Что спрятано на картинке?</comments></info><questions><question price="200"><scenario><atom type="image">@Netfl.png</atom><atom type="marker"></atom><atom type="image">@net.jpg</atom></scenario><right><answer>Netflix Adaptation</answer></right></question><question price="400"><scenario><atom type="image">@следст.png</atom><atom type="marker"></atom><atom type="image">@след.jpg</atom></scenario><right><answer>Следствие вели с Леонидом Каневским</answer></right></question><question price="600"><scenario><atom type="image">@про жоп.png</atom><atom type="marker"></atom><atom type="image">@про жопы.jpg</atom></scenario><right><answer>про жопы</answer></right></question><question price="800"><scenario><atom type="image">@Slim.png</atom><atom type="marker"></atom><atom type="image">@slims.jpg</atom></scenario><right><answer>The Slims</answer></right></question><question price="1000"><scenario><atom type="image">@ocd.png</atom><atom type="marker"></atom><atom type="image">@oc.jpg</atom></scenario><right><answer>cock disorder</answer></right></question><question price="1200"><type name="auction" /><scenario><atom type="image">@dea.png</atom><atom type="marker"></atom><atom type="image">@dead.jpg</atom></scenario><right><answer>dead inside</answer></right></question><question price="1400"><scenario><atom type="image">@dis.png</atom><atom type="marker"></atom><atom type="image">@disr.jpg</atom></scenario><right><answer>disrespect women</answer></right></question></questions></theme><theme name="アニメ по опенингу"><questions><question price="200"><type name="auction" /><scenario><atom type="voice">@1.mp3</atom></scenario><right><answer>Наруто Уебаки</answer></right></question><question price="400"><scenario><atom type="voice">@2.mp3</atom></scenario><right><answer>Госпожа Кагуя, опять. (простите у меня нет фантазии)</answer></right></question><question price="600"><scenario><atom type="voice">@3.mp3</atom></scenario><right><answer>Евангелион</answer></right></question><question price="800"><type name="cat"><param name="theme">Мемы</param><param name="cost">600</param></type><scenario><atom>просто назови аниме...</atom><atom type="video">@2648198879810094470.mp4</atom></scenario><right><answer>АоТ</answer></right></question><question price="1000"><scenario><atom type="voice">@5.mp3</atom></scenario><right><answer>Ванпачман</answer></right></question><question price="1200"><scenario><atom type="voice">@6.mp3</atom></scenario><right><answer>Милый во франксе</answer></right></question><question price="1400"><scenario><atom type="voice">@7.1.mp3</atom></scenario><right><answer>Безумный азарт</answer></right></question></questions></theme><theme name="Книжки надо читать"><questions><question price="200"><scenario><atom></atom></scenario><right><answer /></right></question><question price="400"><scenario><atom type="image">@так говорил.png</atom><atom type="marker"></atom><atom type="image">@так говорил зара.jpeg</atom></scenario><right><answer>Так говорил Заратустра</answer></right></question><question price="600"><scenario><atom type="image">@бож.png</atom><atom type="marker"></atom><atom type="image">@боже.jpeg</atom></scenario><right><answer>Божественная комедия</answer></right></question><question price="800"><scenario><atom type="image">@уни.png</atom><atom type="marker"></atom><atom type="image">@ущем.jpg</atom></scenario><right><answer>Униженные и оскорблённые (ущемлённые)</answer></right></question><question price="1000"><scenario><atom type="image">@иуда.png</atom><atom type="marker"></atom><atom type="image">@иудааа.jpg</atom></scenario><right><answer>Иуда Искариот</answer></right></question><question price="1200"><scenario><atom type="image">@смы.png</atom><atom type="marker"></atom><atom type="image">@смысл.jpeg</atom></scenario><right><answer>Смысл творчества</answer></right></question><question price="1400"><scenario><atom type="image">@Верон.png</atom><atom type="marker"></atom><atom type="image">@Вероника.jpeg</atom></scenario><right><answer>Вероника решает умереть</answer></right></question></questions></theme><theme name="Рыночек даже твоего батю порешает"><info><comments>вопросы по финансам</comments></info><questions><question price="200"><scenario><atom>Откуда берётся справедливая цена любого товара или актива? (вопрос легче, чем кажется)</atom></scenario><right><answer>от пересечения кривой спроса и предложения</answer></right></question><question price="400"><scenario><atom>Какой единственный банк имеет монопольное право производить денежную эмиссию?</atom></scenario><right><answer>Центральный Банк</answer></right></question><question price="600"><scenario><atom>Кто такие "быки" и "медведи" на финансовых рынках?</atom></scenario><right><answer>Быки - те, кто поднимают рынок, а медведи - те, кто "роняют"</answer></right></question><question price="800"><type name="cat"><param name="theme"></param><param name="cost">800</param></type><scenario><atom>Существует понятие инфляции и дефляции, объясните оба термина</atom></scenario><right><answer>Инфляция - процесс увеличения уровня цен (потеря стоимости денег), дефляция - обратный процесс</answer></right></question><question price="1000"><scenario><atom>В чём заключается работа брокера?</atom></scenario><right><answer>Он посредник между физлицами и биржой</answer></right></question><question price="1200"><scenario><atom>Чем выше ставка по облигации, тем больше...?</atom></scenario><right><answer>Времени до погашения/вероятность дефолта</answer></right></question><question price="1400"><scenario><atom>Что такое опцион?</atom></scenario><right><answer>Контракт по получению права (обязательства) на покупку определённого актива по установленной цене в установленное время</answer></right></question></questions></theme><theme name="Игра по отзыву из стима"><questions><question price="200"><scenario><atom type="image">@GTA V.png</atom></scenario><right><answer>GTA V</answer></right></question><question price="400"><scenario><atom type="image">@SoT.png</atom></scenario><right><answer>SoT</answer></right></question><question price="600"><scenario><atom type="image">@fallout 4.png</atom></scenario><right><answer>Fallout 4</answer></right></question><question price="800"><scenario><atom type="image">@Как.png</atom></scenario><right><answer>Как достать соседа</answer></right></question><question price="1000"><scenario><atom type="image">@left 4 dead 1-2.png</atom></scenario><right><answer>left 4 dead 2</answer></right></question><question price="1200"><scenario><atom type="image">@7 days to die.png</atom></scenario><right><answer>7 days to die</answer></right></question><question price="1400"><type name="auction" /><scenario><atom type="image">@rus.png</atom></scenario><right><answer>RUSSI.A SIMULATOR</answer></right></question></questions></theme><theme name="Города по фото"><questions><question price="200"><scenario><atom type="image">@Сан-Франциско.webp</atom></scenario><right><answer>Сан-Франциско</answer></right></question><question price="400"><type name="cat"><param name="theme"></param><param name="cost">700</param></type><scenario><atom type="image">@Асгард.png</atom></scenario><right><answer>Асгард</answer></right></question><question price="600"><scenario><atom type="image">@Милан.webp</atom></scenario><right><answer>Милан</answer></right></question><question price="800"><scenario><atom type="image">@Брюссель.jpg</atom></scenario><right><answer>Брюссель</answer></right></question><question price="1000"><type name="auction" /><scenario><atom>В каком городе это произошло?</atom><atom type="image">@инди.jpg</atom></scenario><right><answer>Миннеаполис</answer></right></question><question price="1200"><scenario><atom type="image">@Дре.jpg.opdownload</atom></scenario><right><answer>Дрезден</answer></right></question><question price="1400"><scenario><atom type="image">@Роттердам.jpeg</atom></scenario><right><answer>Роттердам</answer></right></question></questions></theme><theme name="Фильм по рисунку в пейнте"><questions><question price="200"><scenario><atom type="image">@Гарри Поттер (любая часть).png</atom></scenario><right><answer>Гарри Поттер (любая часть)</answer></right></question><question price="400"><scenario><atom type="image">@Валли.png</atom></scenario><right><answer>Валли</answer></right></question><question price="600"><scenario><atom type="image">@Спасти рядового Раяна.png</atom></scenario><right><answer>Спасти рядового Райана</answer></right></question><question price="800"><type name="cat"><param name="theme">Настоящий рисунок</param><param name="cost">1000</param></type><scenario><atom type="image">@Американский психопат.jpg</atom></scenario><right><answer>Американский психопат</answer></right></question><question price="1000"><scenario><atom type="image">@Бегущий по лезвию.png</atom></scenario><right><answer>Бегущий по лезвию (любая часть)</answer></right></question><question price="1200"><scenario><atom type="image">@Дом, который построил Джек.png</atom></scenario><right><answer>Дом, который построил Джек</answer></right></question><question price="1400"><scenario><atom type="image">@Интерстеллар.png</atom></scenario><right><answer>Интерстеллар</answer></right></question></questions></theme></themes></round><round name="Вот и конец..." type="final"><themes><theme name="Рандомный вопрос"><questions><question price="0"><scenario><atom>Флаг какой страны изображён на фото?</atom><atom type="image">@узбек.png</atom></scenario><right><answer>Узбекистан</answer></right></question></questions></theme></themes></round></rounds></package>