﻿<?xml version="1.0" encoding="utf-8"?><package name="Седьмая печать" version="4" id="73b7ad51-47a7-421b-99f5-acdf2e74efc1" date="18.08.2021" difficulty="5" xmlns="http://vladimirkhil.com/ygpackage3.0.xsd"><info><authors><author>Валерия</author></authors></info><rounds><round name="1-й раунд"><themes><theme name="Советская еда"><questions><question price="100"><scenario><atom>Этот легендарный советский торт состоит из двух воздушно-ореховых коржей безе с прослойками крема. Сверху торт тоже украшен кремом со всяким узорами, а его бока обсыпаны ореховой крошкой.</atom></scenario><right><answer>Киевский</answer></right></question><question price="200"><scenario><atom>Этот салат родом из Скандинавии. Изначально он состоял из смеси селёдки, картофеля, лука, свеклы, яблока, маринованных огурцов и варёного яйца, а заправлялся льняным или подсолнечным маслом. В СССР некоторые продукты из него убрали и поменяли заправку.</atom></scenario><right><answer>Винегрет</answer></right></question><question price="300"><scenario><atom>Этот салат традиционно готовили в СССР к 8 марта.</atom></scenario><right><answer>Мимоза</answer></right></question><question price="400"><scenario><atom>Какое популярное советское пирожное придумали, чтобы "продукты зря не пропадали"?</atom></scenario><right><answer>Картошка</answer></right></question><question price="500"><scenario><atom>Эти консервы – один из символов советской эпохи. Именно их после визита в СССР Маргарет Тэтчер привезла в подарок своему любимому коту.</atom></scenario><right><answer>Килька в томате</answer></right></question></questions></theme><theme name="Географическая тема"><questions><question price="100"><scenario><atom type="image">@Г-1.webp</atom></scenario><right><answer>Нидерланды</answer></right></question><question price="200"><scenario><atom>Что такое Титикака?</atom></scenario><right><answer>Озеро</answer></right></question><question price="300"><scenario><atom>На территории какого современного государства находятся развалины древнего города Карфаген?</atom></scenario><right><answer>Тунис</answer></right></question><question price="400"><scenario><atom>Антананариву — столица какой страны?</atom></scenario><right><answer>Мадагаскар</answer></right></question><question price="500"><scenario><atom>Какое озеро на Земле является единственным, которое состоит из пресной и соленой воды?</atom></scenario><right><answer>Балхаш</answer></right></question></questions></theme><theme name="Монстры экономики"><questions><question price="100"><scenario><atom>В мире финансов хорошо известен «черный понедельник» (день максимального падения индекса Dow Jones в 1987 г.) и «черный вторник» (обвал бирж 1929 г.). А какой день недели для финансового рынка никогда не был черным?</atom></scenario><right><answer>Воскресенье</answer></right></question><question price="200"><scenario><atom>В честь каких существ получили название неплатежеспособные банки, которые продолжают функционировать за счет поддержки государства или регулятора?</atom></scenario><right><answer>Зомби</answer></right></question><question price="300"><scenario><atom>Чтобы изучать, как люди взаимодействуют между собой в условиях ограниченных, но возобновляемых ресурсов, экономисты строили модели с этими существами.</atom></scenario><right><answer>Вампиры</answer></right></question><question price="400"><scenario><atom>Деятельность этих заведений экономист Карл Бруннер в 1980-е гг. назвал эзотерическим искусством.</atom></scenario><right><answer>Центральные банки</answer></right></question><question price="500"><scenario><atom>«Могильным камнем» называют часть требований Комиссии США по ценным бумагам в случае этого события.</atom></scenario><right><answer>Первичного размещения акций</answer></right></question></questions></theme><theme name="Украинские исполнители"><questions><question price="100"><scenario><atom type="image">@У-5.jpg</atom></scenario><right><answer>Джамала</answer></right></question><question price="200"><scenario><atom type="image">@У-4.jpg</atom></scenario><right><answer>Pianoboy</answer></right></question><question price="300"><scenario><atom type="image">@У-2.jpg</atom></scenario><right><answer>Melovin</answer></right></question><question price="400"><scenario><atom type="image">@У-1.jpg</atom></scenario><right><answer>Dzidzio</answer></right></question><question price="500"><scenario><atom type="image">@У-3.jpeg</atom></scenario><right><answer>Один в каноэ</answer></right></question></questions></theme><theme name="Реклама 90-х"><questions><question price="100"><scenario><atom>Кто заявлял: «Мы не халявщики. Мы — партнеры»?</atom></scenario><right><answer>МММ</answer></right></question><question price="200"><scenario><atom>Что рекламировал слоган «"Сиси" — когда хочешь носи»?</atom></scenario><right><answer>Колготки</answer></right></question><question price="300"><scenario><atom>«Это дешево и вкусно, это — чудо...»</atom></scenario><right><answer>Koukou Roukou</answer></right></question><question price="400"><scenario><atom>Что надо пить, чтобы быть бамбуча?</atom></scenario><right><answer>Fanta</answer></right></question><question price="500"><scenario><atom>«Жизнь хороша, когда пьешь не спеша». Чья реклама?</atom></scenario><right><answer>Mirinda</answer></right></question></questions></theme><theme name="Поп-хиты"><questions><question price="100"><scenario><atom type="voice">@Lady Gaga - Shallow из фильма «Звезда родилась» (mp3cut.net).mp3</atom></scenario><right><answer>Lady Gaga, Bradley Cooper</answer></right></question><question price="200"><scenario><atom type="voice">@Black Eyed Peas - MAMACITA (mp3cut.net).mp3</atom></scenario><right><answer>Black Eyed Peas, Ozuna, J. Rey Soul</answer></right></question><question price="300"><scenario><atom type="voice">@Harry Styles - Adore You (mp3cut.net).mp3</atom></scenario><right><answer>Harry Styles</answer></right></question><question price="300"><scenario><atom type="voice">@Sam Smith - Dancing With A Stranger (mp3cut.net).mp3</atom></scenario><right><answer>Sam Smith, Normani</answer></right></question><question price="500"><scenario><atom type="voice">@Cheat Codes - Sex (mp3cut.net).mp3</atom></scenario><right><answer>Cheat Codes, Kris Kross Amsterdam</answer></right></question></questions></theme></themes></round><round name="2-й раунд"><themes><theme name="Дудлы"><info><comments>Кому посвящён дудл?</comments></info><questions><question price="200"><scenario><atom type="image">@Д-5.jpg</atom></scenario><right><answer>Александр Грин</answer></right></question><question price="400"><scenario><atom type="image">@Д-2.jpg</atom></scenario><right><answer>Михаил Лермонтов</answer></right></question><question price="600"><scenario><atom type="image">@Д-1.jpg</atom></scenario><right><answer>Илья Репин</answer></right></question><question price="800"><scenario><atom type="image">@Д-4.jpg</atom></scenario><right><answer>Тарас Шевченко</answer></right></question><question price="1000"><scenario><atom type="image">@Д-3.jpg</atom></scenario><right><answer>Иван Сеченов</answer></right></question></questions></theme><theme name="Писатели в детстве"><questions><question price="200"><info><comments>В альбоме - бабочки</comments></info><scenario><atom type="image">@П-1.jpg</atom></scenario><right><answer>Владимир Набоков</answer></right></question><question price="400"><scenario><atom type="image">@П-2.jpg</atom></scenario><right><answer>Иосиф Александрович Бродский</answer></right></question><question price="600"><scenario><atom type="image">@П-4.jpg</atom></scenario><right><answer>Александр Блок</answer></right></question><question price="800"><type name="sponsored" /><scenario><atom type="image">@П-5.jpg</atom></scenario><right><answer>Осип Мандельштам</answer></right></question><question price="1000"><scenario><atom type="image">@П-3.jpg</atom></scenario><right><answer>Андрей Платонов</answer></right></question></questions></theme><theme name="Япония"><questions><question price="200"><info><comments>Парижский синдром – это психоз, возникающий у туристов от культурного шока: они едут в уютный романтический голос, а сталкиваются с грязью на улицах и недружелюбным отношением местных.</comments></info><scenario><atom>После посещения этой европейской столицы туристов диагностируют психическое расстройство: они страдают от дереализации и чувства преследования.</atom></scenario><right><answer>Париж</answer></right></question><question price="400"><scenario><atom>Японцы – настоящие битломаны. Писатель Харуки Мураками даже назвал один из своих романов в честь песни ливерпульской четвёрки. Как?</atom></scenario><right><answer>Норвежский лес</answer></right></question><question price="600"><info><comments>Палочки для японца – это не только повседневная вещь (их уважительно называют «хаси»), которую не принято предоставлять в пользование другим, но и священная. Их дарят младенцу на 100-й день с момента его рождения, когда во время церемонии «Первые палочки» взрослые впервые дают ему попробовать рис с помощью палочек.</comments></info><scenario><atom>Какой подарок на сотый день с момента рождения ребенка считается хорошим знаком?</atom></scenario><right><answer>Палочки</answer></right></question><question price="800"><info><comments>Некоторые нюансы необходимо объяснить неподготовленному зрителю</comments></info><scenario><atom>При посещении традиционного японского театра, полного символов и отсылок, зрителям выдают ЭТОТ предмет.</atom></scenario><right><answer>Наушники</answer></right></question><question price="1000"><type name="sponsored" /><scenario><atom>Это аниме входит в книгу рекордов Гиннеса как самый длинный анимационный телесериал – в 2019 ему исполнилось 50 лет.</atom></scenario><right><answer>Садзаэ-сан</answer></right></question></questions></theme><theme name="Химия"><questions><question price="200"><scenario><atom>Какой газ называется также как и азиатское государство?</atom></scenario><right><answer>Бутан</answer></right></question><question price="400"><scenario><atom>Какой цвет приобретает лакмусовая бумажка в щелочной среде?</atom></scenario><right><answer>Синий</answer></right></question><question price="600"><type name="cat" /><scenario><atom>Какой химический элемент назван в честь Луны?</atom></scenario><right><answer>Селен</answer></right></question><question price="800"><type name="auction" /><scenario><atom>Сколько атомов водорода в молекуле метана?</atom></scenario><right><answer>4</answer></right></question><question price="1000"><scenario><atom>Как часто называют газ N2O?</atom></scenario><right><answer>Веселящий</answer></right></question></questions></theme><theme name="Ягоды"><questions><question price="200"><scenario><atom type="image">@Я-3.jpg</atom></scenario><right><answer>Калина</answer></right></question><question price="400"><scenario><atom type="image">@Я-1.jpg</atom></scenario><right><answer>Морошка</answer></right></question><question price="600"><scenario><atom type="image">@Я-2.jpg</atom></scenario><right><answer>Костяника</answer></right></question><question price="800"><scenario><atom type="image">@Я-4.jpg</atom></scenario><right><answer>Кизил</answer></right></question><question price="1000"><scenario><atom type="image">@Я-5.jpg</atom></scenario><right><answer>Ирга</answer></right></question></questions></theme><theme name="Песни Мартина Макса"><info><comments>Назовите исполнителя</comments></info><questions><question price="200"><scenario><atom type="voice">@Avril Lavigne - What the Hell (mp3cut.net).mp3</atom></scenario><right><answer>Avril Lavigne</answer></right></question><question price="400"><scenario><atom type="voice">@Justin Bieber - Beauty And A Beat (mp3cut.net).mp3</atom></scenario><right><answer>Justin Bieber, Nicki Minaj</answer></right></question><question price="600"><scenario><atom type="voice">@Jessie J - Bang Bang (mp3cut.net).mp3</atom></scenario><right><answer>Jessie J, Ariana Grande, Nicki Minaj</answer></right></question><question price="800"><scenario><atom type="voice">@The Weeknd - Can't Feel My Face (mp3cut.net).mp3</atom></scenario><right><answer>The Weeknd</answer></right></question><question price="1000"><scenario><atom type="voice">@Carrie Underwood - Quitter (mp3cut.net).mp3</atom></scenario><right><answer>Carrie Underwood</answer></right></question></questions></theme></themes></round><round name="3-й раунд"><themes><theme name="Геометрические фигуры"><questions><question price="300"><scenario><atom type="image">@ГФ-1.jpeg</atom></scenario><right><answer>Пентаграмма</answer></right></question><question price="600"><scenario><atom type="image">@ГФ-2.jpeg</atom></scenario><right><answer>Декагон</answer></right></question><question price="900"><info><comments>Треугольник Рёло - представляет собой область пересечения трёх равных кругов с центрами в вершинах правильного треугольника и радиусами, равными его стороне.</comments></info><scenario><atom type="image">@ГФ-3.jpeg</atom></scenario><right><answer>Треугольник Рёло</answer></right></question><question price="1200"><info><comments>Эллипсоид — поверхность в трёхмерном пространстве, полученная деформацией сферы вдоль трёх взаимно перпендикулярных осей.</comments></info><scenario><atom type="image">@ГФ-4.jpeg</atom></scenario><right><answer>Эллипсоид</answer></right></question><question price="1500"><scenario><atom type="image">@ГФ-5.jpeg</atom></scenario><right><answer>Трибар, треугольник Пенроуза</answer></right></question></questions></theme><theme name="Песни Высоцкого"><questions><question price="300"><scenario><atom>Я снова планку сбил на два двенадцать
И тренер мне сказал напрямоту.
Что меня он утопит в пруду,
Чтобы впредь неповадно другим.

С какой толчковой ноги - наперекор кровожадному тренеру - допрыгался до хромоты герой “Песенки прыгуна в высоту”?
</atom></scenario><right><answer>С правой</answer></right></question><question price="600"><scenario><atom>Но что ей до меня - она была в Париже... А кто ей чего-то говорил?</atom></scenario><right><answer>Марсель Марсо</answer></right></question><question price="900"><type name="auction" /><scenario><atom>“Рвусь из сил, из всех сухожилий,
Но сегодня - опять, как вчера”.

Что это за песня?</atom></scenario><right><answer>Охота на волков</answer></right></question><question price="1200"><info><comments>Ироничный летописец советского быта Высоцкий не мог пройти мимо трагикомической традиции ежегодно отправлять работников умственного труда “на картошку”.</comments></info><scenario><atom>Товарищи ученые, доценты с кандидатами!
Замучились вы с иксами, запутались в нулях.
Сидите разлагаете молекулы на атомы,
Забыв, что разлагается …</atom></scenario><right><answer>картофель на полях</answer></right></question><question price="1500"><info><comments>Высоцкий написал эту песню после победы сборной СССР по хоккею над канадцами, которые получали огромные тыщи “по всяким каналам то много, то мало на банковский счет”.</comments></info><scenario><atom>“Им платят деньжищи, огромные тыщи - и даже за проигрыш и за ничью”. Кому?</atom></scenario><right><answer>Канадским хоккеистам</answer></right></question></questions></theme><theme name="Импрессионизм"><questions><question price="300"><scenario><atom type="image">@К-1_1.jpeg</atom></scenario><right><answer>Ван Гог</answer></right></question><question price="600"><scenario><atom type="image">@К-2.jpeg</atom></scenario><right><answer>Поль Гоген</answer></right></question><question price="900"><scenario><atom type="image">@К-5.jpeg</atom></scenario><right><answer>Валентин Серов</answer></right></question><question price="1200"><scenario><atom type="image">@К-4.png</atom></scenario><right><answer>Абрам Архипов</answer></right></question><question price="1500"><scenario><atom type="image">@К-3.jpeg</atom></scenario><right><answer>Игорь Грабарь</answer></right></question></questions></theme><theme name="Скажите по-итальянски"><questions><question price="300"><scenario><atom>Скажите по-итальянски «громко-тихо»</atom></scenario><right><answer>Фортепьяно</answer></right></question><question price="600"><scenario><atom>Скажите по-итальянски «золотое яблоко»</atom></scenario><right><answer>Помидор</answer></right></question><question price="900"><type name="auction" /><scenario><atom>Скажите по-итальянски «плохой воздух»</atom></scenario><right><answer>Малярия</answer></right></question><question price="1200"><scenario><atom>Скажите по-итальянски «скамейка»</atom></scenario><right><answer>Банк</answer></right></question><question price="1500"><scenario><atom>Скажите по-итальянски «Вознеси меня»</atom></scenario><right><answer>Тирамису</answer></right></question></questions></theme><theme name="Песни Дитера Болена"><questions><question price="300"><scenario><atom type="voice">@Modern Talking - Win the Race (mp3cut.net).mp3</atom></scenario><right><answer>Modern Talking</answer></right></question><question price="600"><scenario><atom type="voice">@C.C. Catch - I Can Lose My Heart Tonight (mp3cut.net).mp3</atom></scenario><right><answer>C.C. Catch</answer></right></question><question price="900"><scenario><atom type="voice">@Blue System - Laila Airplay-Mix (mp3cut.net).mp3</atom></scenario><right><answer>Blue System</answer></right></question><question price="1200"><scenario><atom type="voice">@Alexander - Free Like the Wind (mp3cut.net).mp3</atom></scenario><right><answer>Alexander</answer></right></question><question price="1500"><scenario><atom type="voice">@Les McKeown - It's A Game Long Version (mp3cut.net).mp3</atom></scenario><right><answer>Les McKeown</answer></right></question></questions></theme></themes></round><round name="ФИНАЛ" type="final"><themes><theme name="Спорт"><questions><question price="0"><info><comments>Многие исследователи считают, что фамилия отца Энцо Феррари произошла от семейного бизнеса ведь «феррум» по-латыни значит «железо».</comments></info><scenario><atom>Более 100 лет назад сын одного владельца металлообрабатывающей мастерской увлёкся спортом. Напишите его фамилию.</atom></scenario><right><answer>Феррари</answer></right></question></questions></theme></themes></round></rounds></package>